{"cameraMode":{"drawMode":0,"name":"Shaded","section":"Shading Mode"},"sceneLighting":true,"audioPlay":false,"sceneViewState":{"m_AlwaysRefresh":false,"showFog":true,"showSkybox":false,"showFlares":true,"showImageEffects":true,"showParticleSystems":true,"showVisualEffectGraphs":true,"m_FxEnabled":true},"in2DMode":false,"pivot":{"x":74.81166076660156,"y":-86.50080871582031,"z":-12.430855751037598},"rotation":{"x":0.20100480318069459,"y":0.44105011224746706,"z":-0.10206487029790878,"w":0.8686708807945252},"size":177.72650146484376,"orthographic":false}