{"cameraMode":{"drawMode":0,"name":"Shaded","section":"Shading Mode"},"sceneLighting":true,"audioPlay":false,"sceneViewState":{"m_AlwaysRefresh":false,"showFog":true,"showSkybox":false,"showFlares":true,"showImageEffects":true,"showParticleSystems":true,"showVisualEffectGraphs":true,"m_FxEnabled":true},"in2DMode":false,"pivot":{"x":25.272218704223634,"y":18.46094512939453,"z":-185.40284729003907},"rotation":{"x":-0.01409128401428461,"y":-0.7921614050865173,"z":-0.018304387107491494,"w":0.6098783612251282},"size":1.6556049585342408,"orthographic":false}