{"cameraMode":{"drawMode":0,"name":"Shaded","section":"Shading Mode"},"sceneLighting":true,"audioPlay":false,"sceneViewState":{"m_AlwaysRefresh":false,"showFog":true,"showSkybox":false,"showFlares":true,"showImageEffects":true,"showParticleSystems":true,"showVisualEffectGraphs":true,"m_FxEnabled":true},"in2DMode":false,"pivot":{"x":-308.97698974609377,"y":-87.05439758300781,"z":1.0537657737731934},"rotation":{"x":-0.12610097229480744,"y":0.48199427127838137,"z":-0.07032481580972672,"w":-0.8641626834869385},"size":231.44613647460938,"orthographic":false}